"Player","Matches played","Attempts on target","Attempts off target","Attempts blocked","Attempts against woodwork","Team"
"Gareth Bale",5,13,5,2,0,"Wales"
"Kevin De Bruyne",5,10,7,5,0,"Belgium"
"Cristiano Ronaldo",5,10,14,14,1,"Portugal"
"Antoine Griezmann",5,8,2,5,1,"France"
"√Ålvaro Morata",4,7,4,2,0,"Spain"
"Nani",5,7,9,1,1,"Portugal"
"Gylfi Sigurdsson",5,6,1,3,0,"Iceland"
"Bal√°zs Dzsudzs√°k",4,6,2,4,0,"Hungary"
"Robert Lewandowski",5,6,3,3,0,"Poland"
"Paul Pogba",5,6,4,3,1,"France"
"Mesut √<U+0096>zil",5,6,6,0,0,"Germany"
"Dimitri Payet",5,6,6,5,1,"France"
"Arkadiusz Milik",5,6,10,3,0,"Poland"
"Aaron Ramsey",5,5,1,6,0,"Wales"
"Mario Gomez",4,5,3,2,0,"Germany"
"Haris Seferoviƒ<U+0087>",4,5,3,1,1,"Switzerland"
"Romelu Lukaku",5,5,6,0,0,"Belgium"
"Bogdan Stancu",3,4,1,1,0,"Romania"
"√Åd√°m Szalai",4,4,2,3,0,"Hungary"
"Sami Khedira",5,4,2,3,0,"Germany"
"Gerard Piqu√©",4,4,2,1,0,"Spain"
"Mario G√∂tze",3,4,2,1,0,"Germany"
"Xherdan Shaqiri",4,4,3,3,0,"Switzerland"
"Mario Mand≈æukiƒ<U+0087>",3,4,3,2,0,"Croatia"
"Dries Mertens",5,4,4,4,0,"Belgium"
"Wayne Rooney",4,4,5,2,0,"England"
"Graziano Pell√®",4,4,6,1,0,"Italy"
"Harry Kane",4,4,6,4,0,"England"
"Olivier Giroud",4,4,7,0,1,"France"
"Thomas M√ºller",5,4,7,4,2,"Germany"
"Ivan Peri≈°iƒ<U+0087>",4,4,8,4,2,"Croatia"
"√<U+0089>der",4,3,0,4,0,"Italy"
"Stuart Dallas",4,3,0,0,0,"Northern Ireland"
"Andriy Yarmolenko",3,3,1,2,0,"Ukraine"
"Ricardo Rodr√≠guez",4,3,1,5,0,"Switzerland"
"Alessandro Sch√∂pf",3,3,1,1,0,"Austria"
"Hal Robson-Kanu",4,3,1,0,0,"Wales"
"Tom√°≈° Necid",3,3,1,0,0,"Czech Republic"
"Neil Taylor",5,3,1,1,0,"Wales"
"Andr√©s Iniesta",4,3,1,2,0,"Spain"
"Jakub B≈<U+0082>aszczykowski",5,3,2,2,0,"Poland"
"Juraj Kucka",4,3,2,0,0,"Slovakia"
"Vladim√≠r Darida",3,3,2,2,0,"Czech Republic"
"Fabian Sch√§r",4,3,3,1,0,"Switzerland"
"Jeff Hendrick",4,3,3,1,1,"Republic of Ireland"
"Radja Nainggolan",5,3,3,3,0,"Belgium"
"Eden Hazard",5,3,3,6,0,"Belgium"
"Daniel Sturridge",3,3,3,4,0,"England"
"Axel Witsel",5,3,4,3,0,"Belgium"
"Sam Vokes",3,3,4,0,0,"Wales"
"Toni Kroos",5,3,6,4,1,"Germany"
"Antonio Candreva",2,2,0,1,0,"Italy"
"Jamie Ward",4,2,0,2,0,"Northern Ireland"
"Daryl Murphy",2,2,0,1,0,"Republic of Ireland"
"Vieirinha",3,2,0,1,0,"Portugal"
"Wes Hoolahan",4,2,0,0,0,"Republic of Ireland"
"Gareth McAuley",4,2,0,1,0,"Northern Ireland"
"Ragnar Sigurdsson",5,2,0,0,0,"Iceland"
"Oliver Norwood",4,2,0,0,0,"Northern Ireland"
"Milan ≈†koda",2,2,0,0,0,"Czech Republic"
"Yaroslav Rakitskiy",2,2,0,0,0,"Ukraine"
"Yannick Carrasco",5,2,0,0,0,"Belgium"
"Emanuele Giaccherini",4,2,0,3,0,"Italy"
"Michy Batshuayi",2,2,0,0,0,"Belgium"
"Alessandro Florenzi",4,2,1,0,0,"Italy"
"Lorenzo Insigne",3,2,1,1,1,"Italy"
"Ozan Tufan",3,2,1,0,0,"Turkey"
"Armando Sadiku",3,2,1,2,0,"Albania"
"√Åkos Elek",2,2,1,1,1,"Hungary"
"Andr√© Gomes",4,2,1,3,0,"Portugal"
"David Alaba",3,2,1,6,1,"Austria"
"Nikola Kaliniƒ<U+0087>",2,2,1,0,0,"Croatia"
"Roman Zozulya",3,2,1,1,0,"Ukraine"
"Kolbeinn Sigth√≥rsson",5,2,1,1,0,"Iceland"
"Marko Arnautoviƒ<U+0087>",3,2,2,0,0,"Austria"
"Admir Mehmedi",4,2,2,2,0,"Switzerland"
"Vladim√≠r Weiss",4,2,2,0,0,"Slovakia"
"Birkir Bjarnason",5,2,2,0,0,"Iceland"
"Artem Dzyuba",3,2,2,1,0,"Russia"
"Pepe",5,2,2,0,0,"Portugal"
"Claudiu Ke»<U+0099>er√º",1,2,2,0,0,"Romania"
"Ricardo Quaresma",5,2,2,1,0,"Portugal"
"Zolt√°n Gera",4,2,2,0,0,"Hungary"
"Robbie Brady",4,2,2,3,0,"Republic of Ireland"
"Eric Dier",4,2,2,5,0,"England"
"Jamie Vardy",3,2,2,0,0,"England"
"Gerg≈<U+0091> Lovrencsics",2,2,3,0,0,"Hungary"
"Adam Lallana",3,2,3,2,0,"England"
"Toby Alderweireld",5,2,3,1,0,"Belgium"
"Andr√©-Pierre Gignac",4,2,3,4,1,"France"
"R√≥bert Mak",3,2,3,0,0,"Slovakia"
"Julian Draxler",4,2,4,3,0,"Germany"
"J√≥n Dadi B√∂dvarsson",5,2,4,0,0,"Iceland"
"L√°szl√≥ Kleinheisler",2,2,4,1,0,"Hungary"
"Ledian Memushaj",2,2,4,1,1,"Albania"
"Ashley Williams",5,2,4,0,0,"Wales"
"Yevhen Konoplyanka",3,2,5,6,0,"Ukraine"
"Ivan Rakitiƒ<U+0087>",4,2,6,1,1,"Croatia"
"Zlatko Junuzoviƒ<U+0087>",1,1,0,0,0,"Austria"
"Jos√© Fonte",2,1,0,0,0,"Portugal"
"Shk√´lzen Gashi",1,1,0,0,0,"Albania"
"Caner Erkin",2,1,0,0,0,"Turkey"
"Kriszti√°n N√©meth",2,1,0,0,0,"Hungary"
"Aron Gunnarsson",5,1,0,0,0,"Iceland"
"Stefan Ilsanker",2,1,0,0,0,"Austria"
"Tomasz Jod≈<U+0082>owiec",5,1,0,1,0,"Poland"
"Christian Benteke",2,1,0,0,0,"Belgium"
"Niall McGinn",3,1,0,0,0,"Northern Ireland"
"Zolt√°n Stieber",3,1,0,0,0,"Hungary"
"Ruslan Rotan",1,1,0,0,0,"Ukraine"
"Lorik Cana",2,1,0,0,0,"Albania"
"Steven Davis",4,1,0,1,0,"Northern Ireland"
"Stephan Lichtsteiner",4,1,0,1,0,"Switzerland"
"Roman Hubn√≠k",3,1,0,0,0,"Czech Republic"
"Giorgio Chiellini",4,1,0,0,0,"Italy"
"Amir Abrashi",3,1,0,2,0,"Albania"
"Jordi Alba",4,1,0,1,0,"Spain"
"William Carvalho",4,1,0,0,0,"Portugal"
"Leonardo Bonucci",5,1,0,0,0,"Italy"
"Nathaniel Clyne",1,1,0,0,0,"England"
"Ladislav Krejƒç√≠",3,1,0,0,0,"Czech Republic"
"Stephan El Shaarawy",1,1,0,0,0,"Italy"
"Shkodran Mustafi",1,1,0,0,0,"Germany"
"Yevhen Khacheridi",3,1,0,0,0,"Ukraine"
"Arnor Ingvi Traustason",2,1,0,0,0,"Iceland"
"D√°niel B√∂de",2,1,0,0,0,"Hungary"
"Attila Fiola",1,1,0,0,0,"Hungary"
"Anthony Martial",2,1,0,2,0,"France"
"Tin Jedvaj",1,1,0,0,0,"Croatia"
"Raphael Guerreiro",3,1,0,0,0,"Portugal"
"Renato Sanches",4,1,1,2,0,"Portugal"
"Ondrej Duda",3,1,1,0,0,"Slovakia"
"Alfred Finnbogason",3,1,1,0,0,"Iceland"
"Sverrir Ingason",2,1,1,0,0,"Iceland"
"Denis Alibec",2,1,1,1,0,"Romania"
"Ciro Immobile",2,1,1,0,0,"Italy"
"Pavel Kade≈<U+0099>√°bek",3,1,1,1,0,"Czech Republic"
"Burak Yƒ±lmaz",3,1,1,0,0,"Turkey"
"Johan Djourou",4,1,1,1,0,"Switzerland"
"Jaroslav Pla≈°il",3,1,1,0,0,"Czech Republic"
"Vasili Berezutski",3,1,1,0,0,"Russia"
"Sergei Ignashevich",3,1,1,1,0,"Russia"
"Bastian Schweinsteiger",4,1,1,0,0,"Germany"
"Jo√£o Moutinho",4,1,1,1,0,"Portugal"
"Stephen Ward",3,1,1,1,0,"Republic of Ireland"
"Bruno Soriano",2,1,1,0,0,"Spain"
"Luka Modriƒ<U+0087>",3,1,1,0,0,"Croatia"
"Eren Derdiyok",1,1,1,1,0,"Switzerland"
"√Åd√°m Pint√©r",3,1,1,0,0,"Hungary"
"Yevhen Seleznyov",2,1,1,0,0,"Ukraine"
"Albin Ekdal",3,1,1,0,0,"Sweden"
"Migjen Basha",1,1,1,0,0,"Albania"
"Gabriel Torje",3,1,1,2,0,"Romania"
"Julian Baumgartlinger",3,1,1,0,0,"Austria"
"Marcus Berg",3,1,1,0,0,"Sweden"
"J√©r√¥me Boateng",5,1,2,1,0,"Germany"
"Blaise Matuidi",5,1,2,1,0,"France"
"Aiden McGeady",3,1,2,0,0,"Republic of Ireland"
"Johann Gudmundsson",5,1,2,0,1,"Iceland"
"Chris Smalling",4,1,2,0,0,"England"
"Kingsley Coman",5,1,2,1,0,"France"
"Ovidiu Hoban",3,1,2,2,0,"Romania"
"Bartosz Kapustka",4,1,2,3,0,"Poland"
"James McClean",4,1,3,0,0,"Republic of Ireland"
"Denis Glushakov",3,1,3,0,0,"Russia"
"David Silva",4,1,3,4,0,"Spain"
"Milan Badelj",4,1,3,0,0,"Croatia"
"Gary Cahill",4,1,3,1,0,"England"
"Marek Ham≈°√≠k",4,1,4,5,0,"Slovakia"
"Nolito",4,1,4,2,0,"Spain"
"Olexandr Zinchenko",3,1,4,0,0,"Ukraine"
"Fedor Smolov",3,1,5,2,0,"Russia"
"Sergio Ramos",4,1,6,2,0,"Spain"
"Zlatan Ibrahimoviƒ<U+0087>",3,1,6,5,0,"Sweden"
"Marcelo Brozoviƒ<U+0087>",3,1,7,1,0,"Croatia"
"Fran√ßois Moubandje",0,0,0,0,0,"Switzerland"
"D√©nes Dibusz",0,0,0,0,0,"Hungary"
"Lucas V√°zquez",1,0,0,0,0,"Spain"
"Shani Tarashaj",1,0,0,0,0,"Switzerland"
"Karol Linetty",0,0,0,0,0,"Poland"
"Mariusz Stƒ<U+0099>pi≈<U+0084>ski",0,0,0,0,0,"Poland"
"Patrik Hro≈°ovsk√Ω",2,0,0,0,0,"Slovakia"
"George Williams",0,0,0,0,0,"Wales"
"H√©ctor Beller√≠n",0,0,0,0,0,"Spain"
"Robin Olsen",0,0,0,0,0,"Sweden"
"Jonathan Tah",0,0,0,0,0,"Germany"
"Nico Elvedi",0,0,0,0,0,"Switzerland"
"Victor Lindel√∂f",3,0,0,0,0,"Sweden"
"Paddy McNair",2,0,0,0,0,"Northern Ireland"
"Kevin Wimmer",1,0,0,0,0,"Austria"
"J√°n Novota",0,0,0,0,0,"Slovakia"
"Filip Starzy≈<U+0084>ski",1,0,0,0,0,"Poland"
"Adrian Popa",2,0,0,0,0,"Romania"
"Mykyta Shevchenko",0,0,0,0,0,"Ukraine"
"David Pavelka",2,0,0,0,0,"Czech Republic"
"Ahmet √<U+0087>alƒ±k",0,0,0,0,0,"Turkey"
"Elseid Hysaj",3,0,0,1,0,"Albania"
"Mateo Kovaƒçiƒ<U+0087>",2,0,0,1,0,"Croatia"
"Tom√°≈° Koubek",0,0,0,0,0,"Czech Republic"
"Ludwig Augustinsson",0,0,0,0,0,"Sweden"
"Barnab√°s Bese",1,0,0,0,0,"Hungary"
"Hj√∂rtur Hermannsson",0,0,0,0,0,"Iceland"
"Thiago Cionek",1,0,0,0,0,"Poland"
"Emir Kujovic",0,0,0,0,0,"Sweden"
"Steliano Filip",1,0,0,0,0,"Romania"
"√Åd√°m Lang",4,0,0,0,0,"Hungary"
"Jordan Lukaku",1,0,0,0,0,"Belgium"
"Piotr Zieli≈<U+0084>ski",1,0,0,0,0,"Poland"
"Ergys Ka√ße",1,0,0,1,0,"Albania"
"√<U+0089>der",2,0,0,0,0,"Portugal"
"Denis Zakaria",0,0,0,0,0,"Switzerland"
"Marko Rog",1,0,0,1,0,"Croatia"
"Cyrus Christie",0,0,0,0,0,"Republic of Ireland"
"Marcus Rashford",2,0,0,0,0,"England"
"N'Golo Kant√©",3,0,0,3,0,"France"
"Jason Denayer",1,0,0,0,0,"Belgium"
"Patrik Carlgren",0,0,0,0,0,"Sweden"
"Julian Weigl",0,0,0,0,0,"Germany"
"Ante ƒ<U+0086>oriƒ<U+0087>",0,0,0,0,0,"Croatia"
"Erik Johansson",3,0,0,0,0,"Sweden"
"≈<U+009E>ener √<U+0096>zbayraklƒ±",0,0,0,0,0,"Turkey"
"Naser Aliji",0,0,0,0,0,"Albania"
"Federico Bernardeschi",1,0,0,0,0,"Italy"
"Yuri Lodygin",0,0,0,0,0,"Russia"
"Sergio Rico",0,0,0,0,0,"Spain"
"Rafa Silva",1,0,0,0,0,"Portugal"
"Leroy San√©",0,0,0,0,0,"Germany"
"John Stones",0,0,0,0,0,"England"
"Bekim Balaj",1,0,0,0,0,"Albania"
"Olexandr Karavaev",0,0,0,0,0,"Ukraine"
"Pylyp Budkivskiy",0,0,0,0,0,"Ukraine"
"Norbert Gy√∂mber",2,0,0,0,0,"Slovakia"
"Sokol √<U+0087>ikalleshi",1,0,0,0,0,"Albania"
"Valericƒ<U+0083> Gƒ<U+0083>man",0,0,0,0,0,"Romania"
"Silviu Lung",0,0,0,0,0,"Romania"
"R√∫nar M√°r Sigurj√≥nsson",0,0,0,0,0,"Iceland"
"Lee Hodson",0,0,0,0,0,"Northern Ireland"
"Oscar Lewicki",2,0,0,0,0,"Sweden"
"Eliaquim Mangala",1,0,0,0,0,"France"
"Ji≈<U+0099>√≠ Skal√°k",1,0,0,0,0,"Czech Republic"
"Fr√©d√©ric Veseli",1,0,0,0,0,"Albania"
"Tom√°≈° Vacl√≠k",0,0,0,0,0,"Czech Republic"
"Etrit Berisha",3,0,0,0,0,"Albania"
"David Meyler",0,0,0,0,0,"Republic of Ireland"
"Heinz Lindner",0,0,0,0,0,"Austria"
"Shane Ferguson",1,0,0,0,0,"Northern Ireland"
"Conor McLaughlin",1,0,0,0,0,"Northern Ireland"
"Thiago Alc√°ntara",2,0,0,0,0,"Spain"
"Jazz Richards",1,0,0,0,0,"Wales"
"Georgi Schennikov",2,0,0,0,0,"Russia"
"Roman Shirokov",3,0,0,0,0,"Russia"
"Andrej Kramariƒ<U+0087>",3,0,0,0,0,"Croatia"
"≈†ime Vrsaljko",2,0,0,0,0,"Croatia"
"Duje ƒ<U+008C>op",1,0,0,0,0,"Croatia"
"Oƒ<U+009F>uzhan √<U+0096>zyakup",3,0,0,0,0,"Turkey"
"Koke",1,0,0,0,0,"Spain"
"√<U+0096>gmundur Kristinsson",0,0,0,0,0,"Iceland"
"Ingvar J√≥nsson",0,0,0,0,0,"Iceland"
"Pontus Jansson",0,0,0,0,0,"Sweden"
"Andy King",2,0,0,0,0,"Wales"
"Volkan ≈<U+009E>en",2,0,0,1,0,"Turkey"
"Adil Rami",4,0,0,0,0,"France"
"Seamus Coleman",4,0,0,1,0,"Republic of Ireland"
"Danilo",4,0,0,1,0,"Portugal"
"Angelo Ogbonna",1,0,0,0,0,"Italy"
"Lucas Digne",0,0,0,0,0,"France"
"Samuel Umtiti",1,0,0,0,0,"France"
"Christian Kabasele",0,0,0,0,0,"Belgium"
"Marwin Hitz",0,0,0,0,0,"Switzerland"
"Arlind Ajeti",2,0,0,0,0,"Albania"
"Burim Kukeli",2,0,0,0,0,"Albania"
"Harun Tekin",0,0,0,0,0,"Turkey"
"Lukas Hinterseer",1,0,0,0,0,"Austria"
"Emre Can",0,0,0,0,0,"Germany"
"Nemanja Nikoliƒ<U+0087>",2,0,0,0,0,"Hungary"
"Oscar Hiljemark",0,0,0,0,0,"Sweden"
"Drago≈<U+009F> Grigore",3,0,0,0,0,"Romania"
"Thibaut Courtois",5,0,0,0,0,"Belgium"
"Roman Neust√§dter",2,0,0,0,0,"Russia"
"Vlad Chiriche≈<U+009F>",3,0,0,1,0,"Romania"
"Keiren Westwood",0,0,0,0,0,"Republic of Ireland"
"Hordur Magn√∫sson",0,0,0,0,0,"Iceland"
"Danny Ward",1,0,0,0,0,"Wales"
"Ben Davies",5,0,0,0,0,"Wales"
"Bartosz Salamon",0,0,0,0,0,"Poland"
"Haukur Heidar Hauksson",0,0,0,0,0,"Iceland"
"Luke McCullough",0,0,0,0,0,"Northern Ireland"
"Will Grigg",0,0,0,0,0,"Northern Ireland"
"Marc-Andr√© ter Stegen",0,0,0,0,0,"Germany"
"Ross Barkley",0,0,0,0,0,"England"
"Artur Yusupov",0,0,0,0,0,"Russia"
"Bernd Leno",0,0,0,0,0,"Germany"
"Serhiy Rybalka",0,0,0,0,0,"Ukraine"
"Marc Bartra",0,0,0,0,0,"Spain"
"Kyle Walker",3,0,0,1,0,"England"
"Jordan Henderson",1,0,0,2,0,"England"
"Mih√°ly Korhut",1,0,0,0,0,"Hungary"
"ƒ∞smail K√∂yba≈<U+009F>ƒ±",1,0,0,0,0,"Turkey"
"Robert Almer",3,0,0,0,0,"Austria"
"Emil Hallfredsson",1,0,0,0,0,"Iceland"
"Stanislav ≈†est√°k",1,0,0,0,0,"Slovakia"
"Glenn Whelan",2,0,0,1,0,"Republic of Ireland"
"≈Åukasz Fabia≈<U+0084>ski",4,0,0,0,0,"Poland"
"Sel√ßuk ƒ∞nan",3,0,0,1,0,"Turkey"
"Daniele De Rossi",3,0,0,0,0,"Italy"
"Bruno Alves",0,0,0,0,0,"Portugal"
"Martin ≈†krtel",4,0,0,0,0,"Slovakia"
"S≈<U+0082>awomir Peszko",3,0,0,0,0,"Poland"
"Lukas Podolski",1,0,0,0,0,"Germany"
"Steve von Bergen",0,0,0,0,0,"Switzerland"
"David Edwards",3,0,0,0,0,"Wales"
"Igor Akinfeev",3,0,0,0,0,"Russia"
"David Vaughan",0,0,0,0,0,"Wales"
"Eliseu",2,0,0,1,0,"Portugal"
"Federico Marchetti",0,0,0,0,0,"Italy"
"Aleksei Berezutski",1,0,0,0,0,"Russia"
"Eduardo",0,0,0,0,0,"Portugal"
"Mat√∫≈° Koz√°ƒçik",4,0,0,0,0,"Slovakia"
"Chris Baird",1,0,0,0,0,"Northern Ireland"
"David Lafata",2,0,0,2,0,"Czech Republic"
"James Collins",1,0,0,0,0,"Wales"
"Ansi Agolli",3,0,0,0,0,"Albania"
"Lucian S√¢nmƒ<U+0083>rtean",1,0,0,1,0,"Romania"
"Thiago Motta",4,0,0,0,0,"Italy"
"Petr ƒ<U+008C>ech",3,0,0,0,0,"Czech Republic"
"G√°bor Kir√°ly",4,0,0,0,0,"Hungary"
"Shay Given",0,0,0,0,0,"Republic of Ireland"
"Eidur Gudjohnsen",2,0,0,1,0,"Iceland"
"Gianluigi Buffon",4,0,0,0,0,"Italy"
"Orges Shehi",0,0,0,0,0,"Albania"
"Jean-Fran√ßois Gillet",0,0,0,0,0,"Belgium"
"Roy Carroll",0,0,0,0,0,"Northern Ireland"
"Aaron Hughes",3,0,0,0,0,"Northern Ireland"
"Robbie Keane",2,0,0,0,0,"Republic of Ireland"
"Tom√°≈° Rosick√Ω",2,0,0,0,0,"Czech Republic"
"Anatoliy Tymoshchuk",1,0,0,0,0,"Ukraine"
"Iker Casillas",0,0,0,0,0,"Spain"
"Rƒ<U+0083>zvan Ra≈£",2,0,0,1,0,"Romania"
"Andreas Isaksson",3,0,0,0,0,"Sweden"
"John O'Shea",3,0,0,0,0,"Republic of Ireland"
"Kim K√§llstr√∂m",3,0,0,0,0,"Sweden"
"Artur Boruc",0,0,0,0,0,"Poland"
"Alan Mannus",0,0,0,0,0,"Northern Ireland"
"J√°n Mucha",0,0,0,0,0,"Slovakia"
"Roman Shishkin",0,0,0,0,0,"Russia"
"Hugo Lloris",5,0,0,0,0,"France"
"Beno√Æt Costil",0,0,0,0,0,"France"
"Rui Patr√≠cio",5,0,0,0,0,"Portugal"
"Daniel Pudil",1,0,0,0,0,"Czech Republic"
"Darren Randolph",4,0,0,0,0,"Republic of Ireland"
"Andrea Barzagli",5,0,0,0,0,"Italy"
"Wayne Hennessey",4,0,0,0,0,"Wales"
"Owain F√¥n Williams",0,0,0,0,0,"Wales"
"Joe Ledley",5,0,0,0,0,"Wales"
"Oleg Ivanov",0,0,0,0,0,"Russia"
"Volkan Babacan",3,0,0,0,0,"Turkey"
"Du≈°an ≈†vento",3,0,0,0,0,"Slovakia"
"Ramazan √<U+0096>zcan",0,0,0,0,0,"Austria"
"Gelson Fernandes",3,0,0,0,0,"Switzerland"
"Erkan Zengin",1,0,0,0,0,"Sweden"
"Cosmin Mo≈£i",0,0,0,0,0,"Romania"
"Florian Klein",3,0,0,0,0,"Austria"
"Laurent Ciman",1,0,0,1,0,"Belgium"
"David Cotterill",0,0,0,0,0,"Wales"
"Mikael Lustig",1,0,0,0,0,"Sweden"
"Andreas Granqvist",3,0,0,1,0,"Sweden"
"Tom√°≈° Huboƒçan",2,0,0,0,0,"Slovakia"
"Yohan Cabaye",1,0,0,1,0,"France"
"Marek Such√Ω",0,0,0,0,0,"Czech Republic"
"Elmar Bjarnason",3,0,0,0,0,"Iceland"
"Rubin Okotie",1,0,0,0,0,"Austria"
"Markus Suttner",0,0,0,0,0,"Austria"
"Costel Pantilimon",0,0,0,0,0,"Romania"
"Mousa Demb√©l√©",1,0,0,0,0,"Belgium"
"Olexandr Kucher",1,0,0,0,0,"Ukraine"
"Thomas Vermaelen",4,0,0,0,0,"Belgium"
"Andrei Prepeli≈£ƒ<U+0083>",2,0,0,0,0,"Romania"
"Aleksandr Samedov",1,0,0,0,0,"Russia"
"Gy√∂rgy Garics",0,0,0,0,0,"Austria"
"Dmitri Torbinski",0,0,0,0,0,"Russia"
"Michael McGovern",4,0,0,0,0,"Northern Ireland"
"Valon Behrami",4,0,0,1,0,"Switzerland"
"James Milner",1,0,0,0,0,"England"
"Michal Kadlec",0,0,0,0,0,"Czech Republic"
"Peter Pekar√≠k",4,0,0,0,0,"Slovakia"
"Andriy Pyatov",3,0,0,0,0,"Ukraine"
"Patrice Evra",5,0,0,0,0,"France"
"Tom Heaton",0,0,0,0,0,"England"
"Vedran ƒ<U+0086>orluka",4,0,0,0,0,"Croatia"
"Odise Roshi",3,0,0,0,0,"Albania"
"Wojciech Szczƒ<U+0099>sny",1,0,0,0,0,"Poland"
"Stephen Quinn",1,0,0,0,0,"Republic of Ireland"
"Josh Magennis",3,0,0,0,0,"Northern Ireland"
"Christophe Jallet",0,0,0,0,0,"France"
"Igor Smolnikov",3,0,0,1,0,"Russia"
"Benedikt H√∂wedes",5,0,0,0,0,"Germany"
"Salvatore Sirigu",1,0,0,0,0,"Italy"
"Hannes Halld√≥rsson",5,0,0,0,0,"Iceland"
"Danijel Suba≈°iƒ<U+0087>",4,0,0,0,0,"Croatia"
"Mehmet Topal",3,0,0,0,0,"Turkey"
"Semih Kaya",0,0,0,0,0,"Turkey"
"Josef ≈†ural",3,0,0,0,0,"Czech Republic"
"Michal ƒ<U+008E>uri≈°",3,0,0,1,0,"Slovakia"
"Morgan Schneiderlin",0,0,0,0,0,"France"
"Joe Hart",4,0,0,0,0,"England"
"Kornel Sal√°ta",1,0,0,0,0,"Slovakia"
"Sebastian Pr√∂dl",2,0,0,0,0,"Austria"
"Artur Jƒ<U+0099>drzejczyk",5,0,0,0,0,"Poland"
"Mikel San Jos√©",0,0,0,0,0,"Spain"
"Ciprian Tƒ<U+0083>tƒ<U+0083>ru≈<U+009F>anu",3,0,0,0,0,"Romania"
"Ivan Vargiƒ<U+0087>",0,0,0,0,0,"Croatia"
"Denys Garmash",1,0,0,0,0,"Ukraine"
"Lovre Kaliniƒ<U+0087>",0,0,0,0,0,"Croatia"
"Martin Olsson",3,0,0,1,0,"Sweden"
"James McCarthy",4,0,0,0,0,"Republic of Ireland"
"Corry Evans",3,0,0,1,0,"Northern Ireland"
"Anthony Lopes",0,0,0,0,0,"Portugal"
"David de Gea",4,0,0,0,0,"Spain"
"Roman B√ºrki",0,0,0,0,0,"Switzerland"
"G√∂khan G√∂n√ºl",3,0,0,0,0,"Turkey"
"Michael Lang",2,0,0,0,0,"Switzerland"
"Jakub Wawrzyniak",0,0,0,0,0,"Poland"
"Gordon Schildenfeld",2,0,0,0,0,"Croatia"
"Bohdan Butko",1,0,0,0,0,"Ukraine"
"Simon Church",1,0,0,0,0,"Wales"
"Theodor Gebre Selassie",1,0,0,1,0,"Czech Republic"
"Guilherme",0,0,0,0,0,"Russia"
"Nuri ≈<U+009E>ahin",1,0,0,0,0,"Turkey"
"Manuel Neuer",5,0,0,0,0,"Germany"
"Simon Mignolet",0,0,0,0,0,"Belgium"
"Denys Boyko",0,0,0,0,0,"Ukraine"
"Jonny Evans",4,0,0,1,0,"Northern Ireland"
"Artem Fedetskiy",3,0,0,0,0,"Ukraine"
"David Limbersk√Ω",2,0,0,0,0,"Czech Republic"
"Steve Mandanda",0,0,0,0,0,"France"
"Bo≈<U+0099>ek Doƒçkal",1,0,0,0,0,"Czech Republic"
"Fabian Frei",1,0,0,1,0,"Switzerland"
"Miroslav Stoch",1,0,0,0,0,"Slovakia"
"Chris Gunter",5,0,0,0,0,"Wales"
"Yann Sommer",4,0,0,0,0,"Switzerland"
"Onur Kƒ±vrak",0,0,0,0,0,"Turkey"
"Richard Keogh",2,0,0,0,0,"Republic of Ireland"
"Pontus Wernbloom",0,0,0,0,0,"Sweden"
"Fraser Forster",0,0,0,0,0,"England"
"Daniel Kol√°≈<U+0099>",1,0,0,0,0,"Czech Republic"
"Jakob Jantscher",1,0,0,0,0,"Austria"
"Alban Hoxha",0,0,0,0,0,"Albania"
"Matteo Darmian",4,0,0,0,0,"Italy"
"C√©sar Azpilicueta",1,0,0,0,0,"Spain"
"Ryan Bertrand",1,0,0,0,0,"England"
"Adrien Silva",2,0,0,1,0,"Portugal"
"P√©ter Gul√°csi",0,0,0,0,0,"Hungary"
"Dmitri Kombarov",1,0,0,1,0,"Russia"
"Rich√°rd Guzmics",4,0,0,0,0,"Hungary"
"Jan Vertonghen",4,0,1,1,0,"Belgium"
"Alexandru Chipciu",2,0,1,1,0,"Romania"
"Shane Long",4,0,1,0,0,"Republic of Ireland"
"Craig Cathcart",4,0,1,0,0,"Northern Ireland"
"Taulant Xhaka",2,0,1,0,0,"Albania"
"Kamil Glik",5,0,1,1,0,"Poland"
"Taras Stepanenko",3,0,1,1,0,"Ukraine"
"Birkir S√¶varsson",5,0,1,0,0,"Iceland"
"Alexandru Mƒ<U+0083>≈£el",1,0,1,0,0,"Romania"
"Mats Hummels",4,0,1,1,0,"Germany"
"Joe Allen",5,0,1,1,0,"Wales"
"Tam√°s K√°d√°r",3,0,1,1,0,"Hungary"
"Danny Rose",3,0,1,0,0,"England"
"Tam√°s Priskin",2,0,1,0,0,"Hungary"
"Juanfran",4,0,1,0,0,"Spain"
"Christian Fuchs",3,0,1,2,0,"Austria"
"Bacary Sagna",5,0,1,0,0,"France"
"Ivan Striniƒ<U+0087>",3,0,1,0,0,"Croatia"
"Ari Sk√∫lason",5,0,1,0,0,"Iceland"
"Cesc F√†bregas",4,0,1,1,0,"Spain"
"Jon Walters",2,0,1,0,0,"Republic of Ireland"
"Adam Nemec",2,0,1,0,1,"Slovakia"
"Viktor Peƒçovsk√Ω",2,0,1,0,0,"Slovakia"
"Hakan Balta",3,0,1,0,0,"Turkey"
"Andi Lila",2,0,1,0,0,"Albania"
"Sebastian Larsson",3,0,1,0,0,"Sweden"
"Jimmy Durmaz",2,0,1,0,0,"Sweden"
"Oleg Shatov",2,0,1,1,0,"Russia"
"Yunus Mallƒ±",1,0,1,0,0,"Turkey"
"Aleksandr Kokorin",3,0,1,3,0,"Russia"
"Serhiy Sydorchuk",2,0,1,1,0,"Ukraine"
"Emil Forsberg",3,0,1,1,0,"Sweden"
"Ermir Lenjani",3,0,1,3,0,"Albania"
"Simone Zaza",3,0,1,0,0,"Italy"
"Stefano Sturaro",3,0,1,1,0,"Italy"
"Aleksandar Dragoviƒ<U+0087>",2,0,1,0,1,"Austria"
"James Chester",5,0,1,1,0,"Wales"
"J√°n Gregu≈°",1,0,1,0,0,"Slovakia"
"Jack Wilshere",3,0,1,0,0,"England"
"C√©dric",2,0,1,0,0,"Portugal"
"Cenk Tosun",2,0,1,0,0,"Turkey"
"Pedro Rodr√≠guez",2,0,1,0,0,"Spain"
"Sergio Busquets",4,0,1,0,0,"Spain"
"Granit Xhaka",4,0,1,3,0,"Switzerland"
"John Guidetti",3,0,1,0,0,"Sweden"
"Jonathan Williams",3,0,1,0,0,"Wales"
"Andr√© Sch√ºrrle",3,0,1,1,0,"Germany"
"Emre Mor",2,0,1,1,0,"Turkey"
"Aleksandr Golovin",3,0,1,1,0,"Russia"
"√Åd√°m Nagy",3,0,1,0,0,"Hungary"
"Mihai Pintilii",2,0,1,1,0,"Romania"
"Raheem Sterling",3,0,1,1,0,"England"
"Mattia De Sciglio",4,0,1,1,0,"Italy"
"Marko Pjaca",3,0,1,0,0,"Croatia"
"Milan ≈†kriniar",2,0,1,0,0,"Slovakia"
"Divock Origi",2,0,2,0,0,"Belgium"
"Viktor Kovalenko",3,0,2,0,0,"Ukraine"
"Marcel Sabitzer",3,0,2,0,0,"Austria"
"Olcay ≈<U+009E>ahan",2,0,2,2,0,"Turkey"
"Joshua Kimmich",3,0,2,0,0,"Germany"
"Breel Embolo",4,0,2,3,0,"Switzerland"
"Micha≈<U+0082> Pazdan",5,0,2,0,0,"Poland"
"Martin Hinteregger",3,0,2,4,0,"Austria"
"Laurent Koscielny",5,0,2,1,0,"France"
"Ricardo Carvalho",3,0,2,0,0,"Portugal"
"Roland Juh√°sz",3,0,2,0,0,"Hungary"
"Kyle Lafferty",3,0,2,0,0,"Northern Ireland"
"J√°n ƒ<U+008E>urica",4,0,2,0,0,"Slovakia"
"≈Åukasz Piszczek",4,0,2,2,0,"Poland"
"Pavel Mamaev",3,0,2,0,0,"Russia"
"Marouane Fellaini",3,0,2,0,0,"Belgium"
"Cristian Sƒ<U+0083>punaru",3,0,2,0,1,"Romania"
"K√°ri √Årnason",5,0,2,0,0,"Iceland"
"Grzegorz Krychowiak",5,0,2,0,0,"Poland"
"Moussa Sissoko",4,0,2,1,0,"France"
"Ciaran Clark",2,0,2,0,0,"Republic of Ireland"
"Martin Harnik",2,0,2,0,0,"Austria"
"Arda Turan",3,0,3,1,0,"Turkey"
"Vyacheslav Shevchuk",2,0,3,0,0,"Ukraine"
"Tom√°≈° Sivok",3,0,3,1,1,"Czech Republic"
"Darijo Srna",4,0,3,1,1,"Croatia"
"Jo√£o M√°rio",5,0,3,3,0,"Portugal"
"Aritz Aduriz",3,0,3,1,0,"Spain"
"M√´rgim Mavraj",3,0,3,0,0,"Albania"
"Shane Duffy",2,0,3,0,0,"Republic of Ireland"
"Krzysztof Mƒ<U+0085>czy≈<U+0084>ski",4,0,3,3,0,"Poland"
"Conor Washington",4,0,3,0,0,"Northern Ireland"
"Jonas Hector",5,0,3,0,0,"Germany"
"Thomas Meunier",4,0,3,1,0,"Belgium"
"Marco Parolo",4,0,3,1,1,"Italy"
"Florin Andone",3,0,3,0,1,"Romania"
"Hakan √<U+0087>alhanoƒ<U+009F>lu",2,0,4,1,0,"Turkey"
"Nicolae Stanciu",2,0,4,1,0,"Romania"
"Marc Janko",2,0,4,0,0,"Austria"
"Kamil Grosicki",5,0,4,3,0,"Poland"
"Domagoj Vida",3,0,6,0,0,"Croatia"
"Dele Alli",4,0,7,5,0,"England"
"Blerim D≈æemaili",4,0,8,3,1,"Switzerland"
